{"epochs": [1, 2, 3, 4, 5, 6, 7, 8, 9, 10, 11, 12, 13, 14, 15, 16, 17, 18, 19, 20, 21], "train_loss": [4.676302472750346, 4.67646865049998, 4.675154427687327, 4.679107109705607, 4.665915429592133, 4.67736432949702, 4.679217894872029, 4.673153320948283, 4.669433792432149, 4.669423937797546, 4.666770279407501, 4.688325802485148, 4.676260729630788, 4.686357657114665, 4.674873967965444, 4.6738185087839765, 4.668799161911011, 4.661339302857717, 4.675318936506907, 4.678989410400391, 4.673587262630463], "val_loss": [5.2996042293051016, 5.299507203309433, 5.299524431643278, 5.2995446868564775, 5.299474135689113, 5.299463645271633, 5.299475441808286, 5.299477328424868, 5.29942916787189, 5.2995079081991445, 5.299477618673573, 5.299576883730681, 5.2994774942812715, 5.299539358719535, 5.2994983714559805, 5.299478406491487, 5.299572799516761, 5.299514065618101, 5.2994954897009805, 5.299394255099089, 5.299543401469355], "train_acc": [0.41708373464643955, 0.5005004815757275, 0.3670336911454797, 0.517183868214488, 0.4671338014304638, 0.5338672082871199, 0.5338672082871199, 0.5672338884323835, 0.6506506353616714, 0.4838171415030956, 0.35035035107284784, 0.5005004815757275, 0.517183868214488, 0.4337671212852001, 0.4671338014304638, 0.5672338884323835, 0.6172839552164078, 0.5338672082871199, 0.4337671212852001, 0.6172839552164078, 0.5005004815757275], "val_acc": [0.34518467728048563, 0.4314808640629053, 0.37970314733684063, 0.34518467728048563, 0.39696237072348595, 0.46599931083619595, 0.41422159411013126, 0.37970314733684063, 0.4314808640629053, 0.41422159411013126, 0.34518467728048563, 0.41422159411013126, 0.4314808640629053, 0.36244390066713095, 0.36244390066713095, 0.39696237072348595, 0.4314808640629053, 0.41422159411013126, 0.37970314733684063, 0.44874008744955063, 0.4314808640629053]}