{"epochs": [1, 2, 3, 4, 5, 6, 7, 8, 9, 10, 11, 12, 13, 14, 15, 16, 17, 18, 19, 20, 21, 22, 23, 24, 25, 26, 27, 28, 29, 30, 31, 32, 33, 34, 35, 36, 37, 38, 39, 40, 41, 42, 43, 44, 45, 46], "train_loss": [2.761109083890915, 2.742659976085027, 2.713089495897293, 2.644076943397522, 2.5235817035039267, 2.379487325747808, 2.2378937204678855, 2.094940096139908, 1.9655110438664753, 1.856960152586301, 1.7592030515273411, 1.6588311394055684, 1.5974835107723873, 1.5201606651147206, 1.4548903455336888, 1.411248321334521, 1.3450376739104588, 1.313550129532814, 1.2625747323036194, 1.2294416228930156, 1.1929951757192612, 1.1502404014269512, 1.1259182741244633, 1.0971645067135494, 1.0749974499146144, 1.0503876010576885, 1.023477554321289, 1.0085850780208905, 0.9821888282895088, 0.9696327348550161, 0.9447585667173067, 0.9368101755777994, 0.9152045572797457, 0.9051254317164421, 0.8970441346367201, 0.8897556439042091, 0.8695888494451841, 0.871098796526591, 0.8523983185489973, 0.8522668356696764, 0.8309513702988625, 0.8234205394983292, 0.8200184802214304, 0.8093812540173531, 0.8053949053088824, 0.7901271308461825], "val_loss": [5.28720121798308, 5.256724419801132, 5.13646125793457, 4.848255261130955, 4.567009822182033, 4.29479195760644, 4.131787559260493, 3.8847161272297734, 3.6055385859116265, 3.4705215122388755, 3.309776886649754, 3.112556861794513, 3.0292028136875317, 2.9055479713108228, 2.7795460638792617, 2.726335981617803, 2.622165130532306, 2.554690350656924, 2.4471744091614434, 2.429602695548016, 2.2733095210531484, 2.2230340760687124, 2.2247046802354897, 2.176377571147421, 2.162517889686253, 2.0893307509629624, 2.072575657264046, 2.0536218363305796, 2.029381643170896, 2.0442336901374487, 1.9441944464393284, 1.9692353269328242, 1.9420743247737056, 1.9604428436445154, 1.905011586520983, 1.8467594851618228, 1.9041004595549211, 1.8744634804518328, 1.9372246783712637, 1.815841794013977, 1.8573567711788674, 1.8224288277004077, 1.8563294099724812, 1.8127907618232395, 1.7676061029019563, 1.792909280113552], "train_acc": [0.4671338014304638, 1.1177844367921352, 3.086419776082039, 7.7911242842674255, 13.463462889194489, 18.618617951869965, 22.789455950260162, 28.361696004867554, 32.98298418521881, 37.6209557056427, 40.99099040031433, 45.34534513950348, 47.89789915084839, 52.052050828933716, 53.7203848361969, 56.72339200973511, 59.74307656288147, 60.72739362716675, 62.82949447631836, 65.1651680469513, 66.11611843109131, 67.3673689365387, 68.33500266075134, 69.78645324707031, 69.75308656692505, 70.82082033157349, 72.72272109985352, 73.00633788108826, 73.03970456123352, 74.52452182769775, 75.2419114112854, 75.87587833404541, 76.92692875862122, 76.50984525680542, 77.22722887992859, 77.11044549942017, 78.79546284675598, 78.2282292842865, 79.17917966842651, 77.99466252326965, 79.6463131904602, 79.41274642944336, 80.28028011322021, 80.8475136756897, 80.69736361503601, 81.49816393852234], "val_acc": [0.5868139676749706, 2.450811117887497, 9.578874707221985, 17.190197110176086, 23.990334570407867, 29.426994919776917, 34.44943130016327, 39.62720036506653, 46.30652368068695, 49.91370439529419, 54.0041446685791, 58.733171224594116, 61.51190996170044, 64.411461353302, 65.72316288948059, 67.32826828956604, 69.29582357406616, 69.60648894309998, 71.38419151306152, 72.64411449432373, 72.62685298919678, 74.52536821365356, 75.30203461647034, 76.14774107933044, 76.32033228874207, 77.23507285118103, 76.56196355819702, 77.13151574134827, 77.23507285118103, 78.30514311790466, 78.16706895828247, 79.13358807563782, 79.047292470932, 79.1853666305542, 79.4615089893341, 79.68588471412659, 80.06558418273926, 79.5995831489563, 79.84121441841125, 80.49706816673279, 80.85951209068298, 80.92854619026184, 80.47980666160583, 80.72143793106079, 80.70417642593384, 81.18743300437927]}