{"epochs": [1, 2, 3, 4, 5, 6, 7, 8, 9, 10, 11, 12, 13, 14, 15, 16, 17, 18, 19, 20, 21, 22, 23, 24, 25, 26, 27, 28, 29, 30, 31, 32, 33, 34, 35, 36, 37, 38, 39, 40, 41, 42, 43, 44, 45, 46, 47, 48, 49, 50, 51, 52, 53, 54, 55, 56, 57, 58, 59, 60, 61, 62, 63, 64, 65, 66, 67, 68, 69, 70, 71, 72, 73, 74, 75, 76, 77, 78, 79, 80, 81, 82, 83, 84, 85, 86, 87, 88, 89, 90, 91, 92, 93, 94, 95, 96, 97, 98, 99, 100, 101, 102, 103, 104, 105, 106, 107, 108, 109, 110, 111], "train_loss": [2.761109083890915, 2.742659976085027, 2.713089495897293, 2.644076943397522, 2.5235817035039267, 2.379487325747808, 2.2378937204678855, 2.094940096139908, 1.9655110438664753, 1.856960152586301, 1.7592030515273411, 1.6588311394055684, 1.5974835107723873, 1.5201606651147206, 1.4548903455336888, 1.411248321334521, 1.3450376739104588, 1.313550129532814, 1.2625747323036194, 1.2294416228930156, 1.1929951757192612, 1.1502404014269512, 1.1259182741244633, 1.0971645067135494, 1.0749974499146144, 1.0503876010576885, 1.023477554321289, 1.0085850780208905, 0.9821888282895088, 0.9696327348550161, 0.9447585667173067, 0.9368101755777994, 0.9152045572797457, 0.9051254317164421, 0.8970441346367201, 0.8897556439042091, 0.8695888494451841, 0.871098796526591, 0.8523983185489973, 0.8522668356696764, 0.8309513702988625, 0.8234205394983292, 0.8200184802214304, 0.8093812540173531, 0.8053949053088824, 0.7901271308461825, 0.7933335800965627, 0.7834450652201971, 0.7868358343839645, 0.7676108703017235, 0.7613667100667953, 0.7608417496085167, 0.7700551822781563, 0.7523293395837148, 0.746189795434475, 0.7491830959916115, 0.7450597807765007, 0.7313679109017054, 0.7277375633517901, 0.7335354735453924, 0.7176782488822937, 0.7042993331948916, 0.7222210715214411, 0.7150527214010557, 0.7064985384543737, 0.7107363988955816, 0.7057286575436592, 0.7023755684494972, 0.7021092474460602, 0.6894887015223503, 0.6918477118015289, 0.6876339539885521, 0.6933220153053602, 0.6889896516998609, 0.680550754070282, 0.6826155136028925, 0.6763837660352389, 0.6737445890903473, 0.677147813141346, 0.6742087279756864, 0.6655609756708145, 0.6772333507736524, 0.6661064724127451, 0.6662963181734085, 0.6645809436837832, 0.6667178968588511, 0.6604954202969869, 0.6614665612578392, 0.6642498100797335, 0.658177470167478, 0.6630886644124985, 0.6512469053268433, 0.6511770486831665, 0.6605419516563416, 0.6647201428810755, 0.6571542844176292, 0.6629626726110777, 0.6581827700138092, 0.6499915396173795, 0.6586102520426115, 0.6627609878778458, 0.6519454965988795, 0.651099850734075, 0.6528960441549619, 0.6563554803530375, 0.6500828812519709, 0.6478326519330343, 0.6604718764623007, 0.6645749484499296, 0.65500175456206, 0.647319421172142], "val_loss": [5.28720121798308, 5.256724419801132, 5.13646125793457, 4.848255261130955, 4.567009822182033, 4.29479195760644, 4.131787559260493, 3.8847161272297734, 3.6055385859116265, 3.4705215122388755, 3.309776886649754, 3.112556861794513, 3.0292028136875317, 2.9055479713108228, 2.7795460638792617, 2.726335981617803, 2.622165130532306, 2.554690350656924, 2.4471744091614434, 2.429602695548016, 2.2733095210531484, 2.2230340760687124, 2.2247046802354897, 2.176377571147421, 2.162517889686253, 2.0893307509629624, 2.072575657264046, 2.0536218363305796, 2.029381643170896, 2.0442336901374487, 1.9441944464393284, 1.9692353269328242, 1.9420743247737056, 1.9604428436445154, 1.905011586520983, 1.8467594851618228, 1.9041004595549211, 1.8744634804518328, 1.9372246783712637, 1.815841794013977, 1.8573567711788674, 1.8224288277004077, 1.8563294099724812, 1.8127907618232395, 1.7676061029019563, 1.792909280113552, 1.788352987040644, 1.756259508754896, 1.7838742629341457, 1.7784459124440732, 1.7835470541663792, 1.75987302220386, 1.7319396267766538, 1.7628425048745198, 1.7410715248273767, 1.7229710610016533, 1.7552846100019373, 1.7466633008873982, 1.7601643697075222, 1.732070979864701, 1.7213385986245198, 1.680050404175468, 1.706304959628893, 1.7226369951082312, 1.6974077172901318, 1.7033993731374326, 1.6858951941780422, 1.7098480722178584, 1.6929201716962068, 1.703022371167722, 1.6921391746272212, 1.6830340831176094, 1.709317834480949, 1.6991218950437463, 1.699930004451586, 1.6890436618224434, 1.6815214416255122, 1.688566171604654, 1.6725730377694834, 1.7035431343576182, 1.6745598160702249, 1.6851832659348198, 1.6794289765150652, 1.677801805993785, 1.6779185689013938, 1.6656875714011814, 1.6764575864957727, 1.6816722932069197, 1.6815282987511677, 1.6808273947757224, 1.6794686369273975, 1.672768489174221, 1.679188406985739, 1.6748492665912793, 1.6680379691331282, 1.6640344650849053, 1.6740483460219011, 1.6628996237464573, 1.656387914781985, 1.668034035226573, 1.6579450990842737, 1.6715530312579612, 1.6721435007841692, 1.6672136109808218, 1.6643076772275178, 1.6823524029358574, 1.6640372898267664, 1.6714330341504968, 1.6698871591816777, 1.675281514292178, 1.669976814933445], "train_acc": [0.4671338014304638, 1.1177844367921352, 3.086419776082039, 7.7911242842674255, 13.463462889194489, 18.618617951869965, 22.789455950260162, 28.361696004867554, 32.98298418521881, 37.6209557056427, 40.99099040031433, 45.34534513950348, 47.89789915084839, 52.052050828933716, 53.7203848361969, 56.72339200973511, 59.74307656288147, 60.72739362716675, 62.82949447631836, 65.1651680469513, 66.11611843109131, 67.3673689365387, 68.33500266075134, 69.78645324707031, 69.75308656692505, 70.82082033157349, 72.72272109985352, 73.00633788108826, 73.03970456123352, 74.52452182769775, 75.2419114112854, 75.87587833404541, 76.92692875862122, 76.50984525680542, 77.22722887992859, 77.11044549942017, 78.79546284675598, 78.2282292842865, 79.17917966842651, 77.99466252326965, 79.6463131904602, 79.41274642944336, 80.28028011322021, 80.8475136756897, 80.69736361503601, 81.49816393852234, 81.28128051757812, 81.38138055801392, 81.96529746055603, 82.3156476020813, 83.01634788513184, 82.66599774360657, 82.34901428222656, 83.61694812774658, 83.26659798622131, 82.98298120498657, 83.38338136672974, 83.86719822883606, 84.1508150100708, 83.70036482810974, 84.53453183174133, 85.06840467453003, 84.68468189239502, 84.60126519203186, 85.70237159729004, 84.75141525268555, 84.85151529312134, 85.43543815612793, 85.50217151641846, 85.86920499801636, 85.7357382774353, 85.96930503845215, 85.95262169837952, 85.90257167816162, 86.4698052406311, 86.25292181968689, 86.73673868179321, 86.70337200164795, 86.45312190055847, 86.21955513954163, 86.98698878288269, 86.45312190055847, 86.8868887424469, 86.43643856048584, 87.03703880310059, 86.836838722229, 87.42075562477112, 87.08708882331848, 87.43743896484375, 87.53753900527954, 86.9369387626648, 87.45412230491638, 87.78778910636902, 86.8868887424469, 86.8868887424469, 87.08708882331848, 86.65332198143005, 87.07040548324585, 87.13713884353638, 87.2539222240448, 86.53653860092163, 87.55422234535217, 87.9879891872406, 87.35402226448059, 87.32065558433533, 87.42075562477112, 87.58758902549744, 87.27060556411743, 86.78678870201111, 87.37070560455322, 87.33733892440796],