{"epochs": [1, 2, 3, 4, 5, 6, 7, 8, 9, 10, 11, 12, 13, 14, 15, 16, 17, 18, 19, 20, 21, 22, 23, 24, 25, 26, 27, 28, 29, 30, 31, 32, 33, 34, 35, 36, 37, 38, 39, 40, 41, 42, 43, 44, 45, 46, 47, 48, 49, 50, 51, 52, 53, 54, 55, 56, 57, 58], "train_loss": [2.7751732071240744, 2.768267979224523, 2.765717536211014, 2.7591539323329926, 2.749598612387975, 2.746099362770716, 2.7288843194643655, 2.7212244669596353, 2.7134389877319336, 2.699413478374481, 2.6938205560048423, 2.6873593032360077, 2.6747427185376487, 2.6762398183345795, 2.6700155834356942, 2.663631429274877, 2.653241058190664, 2.657084047794342, 2.6465351382891336, 2.6394560734430947, 2.63899502158165, 2.6304044822851815, 2.620894322792689, 2.620671490828196, 2.6298002302646637, 2.614353428284327, 2.605453888575236, 2.594304879506429, 2.603882988293966, 2.5990349849065146, 2.601915866136551, 2.595551351706187, 2.5895610054334006, 2.582512706518173, 2.58352330327034, 2.5882106721401215, 2.581509292125702, 2.573954870303472, 2.573898951212565, 2.5634806752204895, 2.571526348590851, 2.5634860893090567, 2.5640198985735574, 2.5490740537643433, 2.5614404479662576, 2.5580657621224723, 2.552728841702143, 2.560747762521108, 2.551441580057144, 2.555264095465342, 2.553652584552765, 2.549190858999888, 2.547378877798716, 2.540074427922567, 2.54530867934227, 2.5404704213142395, 2.5361343224843345, 2.535739481449127], "val_loss": [5.316696104796036, 5.305234929789668, 5.286020714303722, 5.2632063990053926, 5.2190321632053545, 5.206407567729121, 5.1613741128341015, 5.157752389493196, 5.121681275575058, 5.07789713403453, 5.101873149042544, 5.058479018833326, 5.048426856165347, 5.052455653315005, 5.007007744001306, 5.0004685443380605, 4.986517698868461, 4.96853434521219, 4.951656880586044, 4.949182987213135, 4.946037790049678, 4.955271264781123, 4.931882796080216, 4.915589000867761, 4.902443761410921, 4.887960641280465, 4.880595995032269, 4.882525858671769, 4.8761824732241426, 4.869157791137695, 4.8744020254715625, 4.85467357220857, 4.850378554800282, 4.842689700748609, 4.843756489131762, 4.817148374474567, 4.823915004730225, 4.812572790228802, 4.810082228287406, 4.81189431314883, 4.793196947678275, 4.800526162852412, 4.80388477574224, 4.784047188966171, 4.768248226331628, 4.77897832704627, 4.781654627426811, 4.771268201910931, 4.779020952141804, 4.7537001319553545, 4.767850523409636, 4.751361453014871, 4.7527704860853115, 4.757641294728154, 4.744863240615182, 4.7399233735126, 4.744326176850692, 4.742830131364905], "train_acc": [0.7007007021456957, 0.5505505483597517, 0.7173840422183275, 0.8174841292202473, 0.9009009227156639, 1.151151116937399, 1.4514514245092869, 1.7183849588036537, 1.8351685255765915, 2.6359692215919495, 2.7027027681469917, 3.1364697962999344, 3.053053095936775, 3.3366698771715164, 3.8204871118068695, 4.170837625861168, 4.337671026587486, 4.404404386878014, 4.287621006369591, 5.088421702384949, 5.021688342094421, 4.988321661949158, 5.4054055362939835, 5.438772216439247, 5.038371682167053, 5.238571763038635, 6.37303963303566, 6.10610619187355, 6.3063062727451324, 6.272939592599869, 6.673339754343033, 6.756756454706192, 6.423089653253555, 6.589923053979874, 7.007007300853729, 6.906907260417938, 6.673339754343033, 6.906907260417938, 6.74007311463356, 7.857857644557953, 7.474140822887421, 7.090424001216888, 7.524190843105316, 7.624290883541107, 7.55755752325058, 8.041374385356903, 7.92459100484848, 8.258258551359177, 8.308308571577072, 8.124791085720062, 7.774440944194794, 8.141475170850754, 8.358358591794968, 8.525191992521286, 8.792125433683395, 8.675342053174973, 8.10810774564743, 8.55855867266655], "val_acc": [0.5005177576094866, 0.6385916378349066, 0.7594062946736813, 0.8111840113997459, 1.5533310361206532, 2.0365895703434944, 3.1066620722413063, 3.1066620722413063, 3.9178460836410522, 5.246806889772415, 4.936140775680542, 6.230583414435387, 6.558509171009064, 6.817397475242615, 7.939247786998749, 8.129099011421204, 8.853986859321594, 9.199171513319016, 9.30272713303566, 9.354504942893982, 10.303762555122375, 10.062133520841599, 10.838798433542252, 11.218501627445221, 11.235760897397995, 11.391094326972961, 12.167759984731674, 11.874353140592575, 12.61650025844574, 12.944425642490387, 13.410425186157227, 13.444943726062775, 13.669313490390778, 14.135313034057617, 14.325164258480072, 15.015533566474915, 14.791163802146912, 15.395236015319824, 15.274421870708466, 15.826717019081116, 16.499827802181244, 16.240939497947693, 16.9140487909317, 17.638936638832092, 17.569899559020996, 18.13945472240448, 18.191231787204742, 18.57093572616577, 18.726268410682678, 19.07145380973816, 19.45115625858307, 19.347600638866425, 19.899895787239075, 19.50293481349945, 20.193304121494293, 20.072488486766815, 20.124267041683197, 20.573006570339203]}