{"epochs": [1, 2, 3, 4, 5, 6, 7, 8, 9, 10, 11, 12, 13, 14, 15, 16, 17, 18, 19, 20, 21, 22, 23, 24, 25, 26, 27, 28, 29, 30, 31, 32, 33, 34, 35, 36, 37, 38, 39, 40, 41, 42, 43, 44, 45, 46, 47, 48, 49, 50, 51, 52, 53, 54, 55, 56, 57, 58, 59, 60, 61, 62, 63, 64, 65, 66, 67, 68, 69, 70, 71, 72, 73, 74, 75, 76, 77, 78, 79, 80, 81, 82, 83, 84, 85, 86, 87, 88, 89, 90, 91], "train_loss": [2.761362681786219, 2.749755382537842, 2.738731394211451, 2.721707026163737, 2.67723756035169, 2.6260383129119873, 2.573948780695597, 2.5176599820454917, 2.466193368037542, 2.412435452143351, 2.363150894641876, 2.3169528047243753, 2.2667691906293235, 2.2100819448630014, 2.173762629429499, 2.1311944723129272, 2.0974800288677216, 2.0426202913125358, 2.0205350468556085, 1.977173979083697, 1.9428124527136486, 1.907151664296786, 1.874318689107895, 1.8530211796363194, 1.8168287376562755, 1.8024144570032756, 1.7787040770053864, 1.7536036471525829, 1.7173960904280345, 1.6988982756932576, 1.6837968875964482, 1.6655031840006511, 1.642993077635765, 1.6341407746076584, 1.6146243065595627, 1.5924242436885834, 1.574482684334119, 1.5753620167573292, 1.5595934242010117, 1.5393478920062382, 1.5255440324544907, 1.515457625190417, 1.5072951515515645, 1.4892076601584752, 1.490731159845988, 1.4790828973054886, 1.4739339152971904, 1.4824972947438557, 1.45491723716259, 1.4459023227294285, 1.445331295331319, 1.4292515764633815, 1.4241211613019307, 1.4180665761232376, 1.4076318194468815, 1.3951898515224457, 1.4020637571811676, 1.3953313678503036, 1.392444873849551, 1.3799079656600952, 1.3630826721588771, 1.3754722426335018, 1.3757869948943455, 1.3713916291793187, 1.351877436041832, 1.3504604895909627, 1.3488587886095047, 1.3319356093804042, 1.336032395561536, 1.353440483411153, 1.3370929559071858, 1.3300247490406036, 1.3356458644072216, 1.3236580938100815, 1.312495768070221, 1.3260678847630818, 1.314675564567248, 1.3201908320188522, 1.3165455808242161, 1.3053356458743413, 1.3099963168303173, 1.3073195219039917, 1.3051277448733647, 1.2953439901272457, 1.3087976276874542, 1.2861931423346202, 1.2991483161846797, 1.3012744585673015, 1.2967952986558278, 1.301659718155861, 1.2886180331309636], "val_loss": [5.295203851616901, 5.282880430636198, 5.242300116497537, 5.127546289692754, 5.00900473801986, 4.85404810698136, 4.753048751665198, 4.603694190149722, 4.526088880456013, 4.415295238080232, 4.256891862205837, 4.179845281269239, 4.090496809586234, 3.967928005301434, 3.9266169900479526, 3.823973562406457, 3.7853044323299243, 3.7168024311894956, 3.584008382714313, 3.5633050462473994, 3.4302220344543457, 3.4303952300030254, 3.3448179079138716, 3.2858841730200727, 3.278791966645614, 3.1513698515684707, 3.1795894581338633, 3.004073308861774, 3.070307793824569, 3.0633884098218833, 2.967389386633168, 2.861907254094663, 2.89527442144311, 2.875225658002107, 2.810948900554491, 2.8067379619764243, 2.8174391103827436, 2.6777175302090854, 2.67526130054308, 2.701792333437049, 2.6840903759002686, 2.5982372035150942, 2.6074158108752705, 2.6409863492716914, 2.5679495023644487, 2.5081475817638896, 2.5536527219025986, 2.5209615230560303, 2.5118266810541567, 2.4663665190986963, 2.51795334401338, 2.4633300511733345, 2.4850109556446904, 2.486892544704935, 2.416896747506183, 2.464865373528522, 2.4642512694649072, 2.395867430645487, 2.4015629809835684, 2.3894762785538384, 2.4227082003717837, 2.3762797376383906, 2.372890223627505, 2.338789836220119, 2.3579795671545942, 2.4012226540109385, 2.3670217420743858, 2.3794371148814326, 2.324224482411924, 2.3532876242762026, 2.320677513661592, 2.353555570478025, 2.311113424923109, 2.309935424638831, 2.325566872306492, 2.330508968104487, 2.324441946071127, 2.295759802279265, 2.2985875243725986, 2.3034138679504395, 2.295507700546928, 2.290947810463283, 2.2958858635114585, 2.2760858743087105, 2.275600816892541, 2.2811048238173774, 2.261229193728903, 2.2857633258985435, 2.266707047172215, 2.2658948483674424, 2.260593486868817], "train_acc": [0.45045046135783195, 0.7841174490749836, 1.0844177566468716, 2.0520521327853203, 4.237570986151695, 7.073740661144257, 9.65965986251831, 13.079746067523956, 16.31631702184677, 19.019019603729248, 23.03970605134964, 25.375375151634216, 28.628629446029663, 31.281280517578125, 33.283284306526184, 36.469802260398865, 37.95462250709534, 40.32365679740906, 42.42575764656067, 44.42776143550873, 46.212878823280334, 48.231565952301025, 49.783116579055786, 51.25125050544739, 52.06873416900635, 52.5692343711853, 54.90490198135376, 56.20620846748352, 58.20820927619934, 58.94227623939514, 59.10910964012146, 60.710710287094116, 63.146477937698364, 62.89622783660889, 63.38004469871521, 65.29863476753235, 64.74807858467102, 64.9983286857605, 67.15048551559448, 67.6843523979187, 68.23490262031555, 69.63630318641663, 69.2525863647461, 70.82082033157349, 70.57057023048401, 71.83850407600403, 71.23790383338928, 70.53720355033875, 72.67267107963562, 72.88955450057983, 73.05638790130615, 73.79045486450195, 73.75708818435669, 75.59226155281067, 74.82482194900513, 75.42542815208435, 75.1918613910675, 75.54221153259277, 76.19286179542542, 76.82682871818542, 76.74341201782227, 76.52652859687805, 76.30964517593384, 76.89356207847595, 77.8611958026886, 78.42842936515808, 77.71104574203491, 79.26259636878967, 78.89556288719177, 78.01134586334229, 78.11144590377808, 79.02902960777283, 77.97797918319702, 80.063396692276, 80.063396692276, 78.89556288719177, 79.49616312980652, 79.29596304893494, 79.67967987060547, 80.14681339263916, 80.063396692276, 80.58058023452759, 80.31364679336548, 81.09776377677917, 80.41374683380127, 81.44811391830444, 79.82982993125916, 80.39706349372864, 80.98098039627075, 80.89756369590759, 81.74841403961182], "val_acc": [0.7076285779476166, 1.1218502186238766, 2.468070387840271, 5.022437125444412, 9.85502228140831, 14.031757414340973, 20.60752511024475, 24.0075945854187, 28.218847513198853, 32.03313648700714, 35.070762038230896, 38.86779546737671, 43.734899163246155, 46.04763686656952, 49.13703799247742, 51.19088888168335, 53.08940410614014, 55.95443844795227, 57.12806582450867, 58.66413712501526, 60.683465003967285, 63.151538372039795, 63.42768669128418, 65.06730914115906, 65.63686728477478, 67.60441660881042, 68.46737861633301, 68.69174838066101, 69.33034062385559, 70.5384910106659, 71.33241295814514, 72.22989201545715, 72.47152328491211, 73.47255945205688, 73.73144626617432, 74.55989122390747, 75.00863075256348, 76.11321806907654, 76.02692246437073, 76.00966691970825, 76.54470205307007, 77.01070308685303, 77.45944261550903, 77.52847671508789, 77.87366509437561, 77.94269919395447, 78.52951288223267, 78.73662114143372, 79.09906506538391, 79.21988368034363, 78.61580848693848, 79.08180952072144, 79.44425344467163, 79.80669736862183, 80.23817539215088, 79.91025447845459, 79.87573146820068, 80.42802810668945, 80.51432371139526, 80.34173250198364, 80.53158521652222, 81.06662034988403, 80.60061931610107, 80.61788082122803, 80.96306324005127, 80.8077335357666, 80.9458076953888, 81.06662034988403, 81.51535987854004, 81.91232085227966, 81.79150819778442, 81.22195601463318, 81.77424669265747, 82.01587796211243, 81.91232085227966, 82.03313946723938, 82.30928778648376, 82.36106038093567, 82.22299218177795, 82.17121362686157, 82.03313946723938, 82.27476477622986, 82.22299218177795, 82.29202628135681, 82.41283893585205, 82.60269165039062, 82.70624876022339, 82.61995315551758, 82.36106038093567, 82.11943507194519, 82.63720870018005]}