{"epochs": [1, 2, 3, 4, 5, 6, 7, 8, 9, 10, 11, 12, 13, 14, 15, 16, 17, 18, 19, 20, 21], "train_loss": [2.76861310005188, 2.772717773914337, 2.754443327585856, 2.737608810265859, 2.717674414316813, 2.7055629392464957, 2.689152638117472, 2.66507081190745, 2.6544638872146606, 2.6391746004422507, 2.623270054658254, 2.602482090393702, 2.588305036226908, 2.5780139565467834, 2.5638728638490043, 2.5367433031400046, 2.540497233470281, 2.520614663759867, 2.501948297023773, 2.487809032201767, 2.486309597889582], "val_loss": [5.301526650138523, 5.289965297864831, 5.253533964571745, 5.21519893148671, 5.159506486809772, 5.114229098610256, 5.054357632346775, 5.015689683997112, 4.966365275175675, 4.925055047740107, 4.871559702831766, 4.8412041664123535, 4.819122418113377, 4.800547122955322, 4.769361578899881, 4.72425595573757, 4.644039133320684, 4.650269549825917, 4.579090615977412, 4.609472710153331, 4.5602187903031055], "train_acc": [0.4004003945738077, 0.6172839552164078, 0.7841174490749836, 1.2679345905780792, 1.6349682584404945, 1.9185852259397507, 2.8361694887280464, 4.270937666296959, 4.5545544475317, 5.071738362312317, 5.972639471292496, 6.790123134851456, 7.640974223613739, 8.174841850996017, 8.858858793973923, 10.093426704406738, 10.410410165786743, 11.061061173677444, 12.345679104328156, 13.697029650211334, 13.580246269702911], "val_acc": [0.5868139676749706, 0.9319986216723919, 1.3807387091219425, 1.639627292752266, 2.6924405246973038, 5.039696395397186, 6.851916015148163, 7.783914357423782, 9.13013443350792, 10.597169399261475, 12.737314403057098, 14.704866707324982, 15.533310174942017, 17.466343939304352, 19.692786037921906, 21.677596867084503, 23.645150661468506, 25.250259041786194, 27.200552821159363, 28.494995832443237, 29.323437809944153]}