{"epochs": [1, 2, 3, 4, 5, 6, 7, 8, 9, 10, 11, 12, 13, 14, 15, 16, 17, 18, 19, 20], "train_loss": [2.7699475288391113, 2.7510276635487876, 2.7550655702749887, 2.7342817783355713, 2.699702392021815, 2.6717250843842826, 2.640613784392675, 2.605595906575521, 2.574475715557734, 2.5493257641792297, 2.517777383327484, 2.485097120205561, 2.461911062399546, 2.4152240256468454, 2.3920745650927224, 2.370807111263275, 2.328232934077581, 2.3099034229914346, 2.2899553775787354, 2.274239867925644], "val_loss": [5.297956508138905, 5.286847467007845, 5.2529831139937695, 5.179000481315281, 5.111208252284838, 5.010252081829568, 4.907062965890636, 4.824646949768066, 4.761611399443253, 4.695416802945345, 4.5845846818841025, 4.5470415094624395, 4.438913158748461, 4.355656851892886, 4.312057764633842, 4.316990821257882, 4.223500345064246, 4.122958680857783, 4.068286667699399, 4.030475948167884], "train_acc": [0.4004003945738077, 0.7507507689297199, 0.8174841292202473, 1.5181848779320717, 2.585919201374054, 4.087420925498009, 6.456456333398819, 8.458458632230759, 10.543876886367798, 12.529195845127106, 15.415415167808533, 16.76676720380783, 18.968969583511353, 22.205539047718048, 23.456789553165436, 25.208541750907898, 27.377375960350037, 28.645312786102295, 30.31364679336548, 31.748414039611816], "val_acc": [0.48325853422284126, 0.5695546977221966, 1.1045909486711025, 3.2447360455989838, 5.902658030390739, 10.23472547531128, 15.032792091369629, 19.261305034160614, 22.17811495065689, 24.905073642730713, 28.356921672821045, 32.29202628135681, 35.0017249584198, 38.45357298851013, 40.81808626651764, 43.68312060832977, 46.42733931541443, 48.3776330947876, 51.34621858596802, 52.98584699630737]}