{"epochs": [1, 2, 3, 4, 5], "train_loss": [2.5245652298132577, 1.8607583691676457, 1.5129160682360332, 1.3237051765124004, 1.2026076316833496], "val_loss": [4.052945955939915, 3.2769362615502398, 2.9702007459557573, 2.5520049489062764, 2.5690631659134575], "train_acc": [6.890223920345306, 30.31364679336548, 47.030362486839294, 55.3553581237793, 60.4938268661499], "val_acc": [19.88263726234436, 44.166380167007446, 56.76562190055847, 60.769760608673096, 59.872281551361084]}