{"epochs": [1, 2, 3, 4, 5, 6, 7, 8, 9, 10, 11, 12, 13, 14, 15, 16, 17, 18, 19, 20, 21, 22, 23, 24, 25], "train_loss": [2.761362681786219, 2.749755382537842, 2.738731394211451, 2.721707026163737, 2.67723756035169, 2.6260383129119873, 2.573948780695597, 2.5176599820454917, 2.466193368037542, 2.412435452143351, 2.363150894641876, 2.3169528047243753, 2.2667691906293235, 2.2100819448630014, 2.173762629429499, 2.1311944723129272, 2.0974800288677216, 2.0426202913125358, 2.0205350468556085, 1.977173979083697, 1.9428124527136486, 1.907151664296786, 1.874318689107895, 1.8530211796363194, 1.8168287376562755], "val_loss": [5.295203851616901, 5.282880430636198, 5.242300116497537, 5.127546289692754, 5.00900473801986, 4.85404810698136, 4.753048751665198, 4.603694190149722, 4.526088880456013, 4.415295238080232, 4.256891862205837, 4.179845281269239, 4.090496809586234, 3.967928005301434, 3.9266169900479526, 3.823973562406457, 3.7853044323299243, 3.7168024311894956, 3.584008382714313, 3.5633050462473994, 3.4302220344543457, 3.4303952300030254, 3.3448179079138716, 3.2858841730200727, 3.278791966645614], "train_acc": [0.45045046135783195, 0.7841174490749836, 1.0844177566468716, 2.0520521327853203, 4.237570986151695, 7.073740661144257, 9.65965986251831, 13.079746067523956, 16.31631702184677, 19.019019603729248, 23.03970605134964, 25.375375151634216, 28.628629446029663, 31.281280517578125, 33.283284306526184, 36.469802260398865, 37.95462250709534, 40.32365679740906, 42.42575764656067, 44.42776143550873, 46.212878823280334, 48.231565952301025, 49.783116579055786, 51.25125050544739, 52.06873416900635], "val_acc": [0.7076285779476166, 1.1218502186238766, 2.468070387840271, 5.022437125444412, 9.85502228140831, 14.031757414340973, 20.60752511024475, 24.0075945854187, 28.218847513198853, 32.03313648700714, 35.070762038230896, 38.86779546737671, 43.734899163246155, 46.04763686656952, 49.13703799247742, 51.19088888168335, 53.08940410614014, 55.95443844795227, 57.12806582450867, 58.66413712501526, 60.683465003967285, 63.151538372039795, 63.42768669128418, 65.06730914115906, 65.63686728477478]}