{"epochs": [1, 2, 3, 4, 5, 6, 7, 8, 9, 10, 11, 12, 13, 14, 15, 16, 17, 18, 19, 20, 21, 22, 23, 24, 25, 26, 27, 28, 29, 30, 31, 32, 33, 34, 35, 36, 37, 38, 39, 40, 41, 42, 43, 44, 45, 46, 47, 48, 49, 50, 51, 52, 53, 54, 55, 56, 57, 58, 59, 60, 61, 62, 63, 64, 65, 66, 67, 68, 69, 70, 71, 72, 73, 74, 75, 76, 77, 78, 79, 80, 81, 82, 83, 84, 85, 86, 87, 88, 89, 90, 91, 92, 93, 94, 95, 96, 97, 98, 99, 100, 101, 102, 103, 104, 105, 106, 107, 108, 109, 110, 111, 112, 113, 114, 115, 116, 117, 118, 119, 120], "train_loss": [2.7751732071240744, 2.768267979224523, 2.765717536211014, 2.7591539323329926, 2.749598612387975, 2.746099362770716, 2.7288843194643655, 2.7212244669596353, 2.7134389877319336, 2.699413478374481, 2.6938205560048423, 2.6873593032360077, 2.6747427185376487, 2.6762398183345795, 2.6700155834356942, 2.663631429274877, 2.653241058190664, 2.657084047794342, 2.6465351382891336, 2.6394560734430947, 2.63899502158165, 2.6304044822851815, 2.620894322792689, 2.620671490828196, 2.6298002302646637, 2.614353428284327, 2.605453888575236, 2.594304879506429, 2.603882988293966, 2.5990349849065146, 2.601915866136551, 2.595551351706187, 2.5895610054334006, 2.582512706518173, 2.58352330327034, 2.5882106721401215, 2.581509292125702, 2.573954870303472, 2.573898951212565, 2.5634806752204895, 2.571526348590851, 2.5634860893090567, 2.5640198985735574, 2.5490740537643433, 2.5614404479662576, 2.5580657621224723, 2.552728841702143, 2.560747762521108, 2.551441580057144, 2.555264095465342, 2.553652584552765, 2.549190858999888, 2.547378877798716, 2.540074427922567, 2.54530867934227, 2.5404704213142395, 2.5361343224843345, 2.535739481449127, 2.537261813879013, 2.5239916940530143, 2.526932547489802, 2.533289680878321, 2.524235486984253, 2.5225929617881775, 2.5330921709537506, 2.527299185593923, 2.5317255655924478, 2.5179549853006997, 2.527731607357661, 2.5188775658607483, 2.51527730623881, 2.523305465777715, 2.51635750134786, 2.5183747013409934, 2.5238009989261627, 2.5175422032674155, 2.5129534006118774, 2.5199519296487174, 2.5071729322274527, 2.510350286960602, 2.5098913808663688, 2.507646312316259, 2.5077067414919534, 2.513290305932363, 2.506210744380951, 2.5101058185100555, 2.506022115548452, 2.510244141022364, 2.507619341214498, 2.5104518830776215, 2.5104448795318604, 2.5153485536575317, 2.5046004752318063, 2.5055087208747864, 2.5075060725212097, 2.503149777650833, 2.506131331125895, 2.510361462831497, 2.5085353553295135, 2.501833975315094, 2.5105260411898294, 2.5082052052021027, 2.5073751707871756, 2.50448144475619, 2.495851755142212, 2.50828825434049, 2.5058752497037253, 2.5023818016052246, 2.503738154967626, 2.5060446659723916, 2.5026530424753823, 2.5020033717155457, 2.4963691234588623, 2.504596014817556, 2.500004857778549, 2.5009696384270987, 2.506419767936071, 2.509047547976176, 2.5084648529688516, 2.5026153326034546], "val_loss": [5.316696104796036, 5.305234929789668, 5.286020714303722, 5.2632063990053926, 5.2190321632053545, 5.206407567729121, 5.1613741128341015, 5.157752389493196, 5.121681275575058, 5.07789713403453, 5.101873149042544, 5.058479018833326, 5.048426856165347, 5.052455653315005, 5.007007744001306, 5.0004685443380605, 4.986517698868461, 4.96853434521219, 4.951656880586044, 4.949182987213135, 4.946037790049678, 4.955271264781123, 4.931882796080216, 4.915589000867761, 4.902443761410921, 4.887960641280465, 4.880595995032269, 4.882525858671769, 4.8761824732241426, 4.869157791137695, 4.8744020254715625, 4.85467357220857, 4.850378554800282, 4.842689700748609, 4.843756489131762, 4.817148374474567, 4.823915004730225, 4.812572790228802, 4.810082228287406, 4.81189431314883, 4.793196947678275, 4.800526162852412, 4.80388477574224, 4.784047188966171, 4.768248226331628, 4.77897832704627, 4.781654627426811, 4.771268201910931, 4.779020952141804, 4.7537001319553545, 4.767850523409636, 4.751361453014871, 4.7527704860853115, 4.757641294728154, 4.744863240615182, 4.7399233735126, 4.744326176850692, 4.742830131364905, 4.737248628035836, 4.734690106433371, 4.723491689433223, 4.714605911918309, 4.718262506567913, 4.718032546665357, 4.720991176107655, 4.721430861431619, 4.7198831724083945, 4.7085761609284775, 4.7178652390189795, 4.705841396165931, 4.701549592225448, 4.70216937687086, 4.699654558430547, 4.7044449681821074, 4.691013813018799, 4.692065135292385, 4.6988046687582266, 4.700042828269627, 4.696486680404, 4.6920726195625635, 4.691429594288701, 4.694180073945419, 4.6865061884341035, 4.690029310143513, 4.687919326450514, 4.69183113264001, 4.686575329822043, 4.690260120060133, 4.684679487477178, 4.6835828656735625, 4.687618815380594, 4.680157267529031, 4.6843195583509365, 4.680385672527811, 4.677781913591468, 4.683038545691448, 4.6716677831566855, 4.678845695827318, 4.683907280797544, 4.681763483130413, 4.679597046064294, 4.679324937903362, 4.6772123419720195, 4.680374871129575, 4.673166088435961, 4.676802821781324, 4.6756811971249785, 4.681626008904499, 4.673789708510689, 4.676220686539359, 4.679110838019329, 4.681577806887419, 4.677778596463411, 4.670737079952074, 4.673693802045739, 4.674444136412247, 4.676686432050622, 4.677979531495468, 4.670784017314082, 4.677123608796493], "train_acc": [0.7007007021456957, 0.5505505483597517, 0.7173840422183275, 0.8174841292202473, 0.9009009227156639, 1.151151116937399, 1.4514514245092869, 1.7183849588036537, 1.8351685255765915, 2.6359692215919495, 2.7027027681469917, 3.1364697962999344, 3.053053095936775, 3.3366698771715164, 3.8204871118068695, 4.170837625861168, 4.337671026587486, 4.404404386878014, 4.287621006369591, 5.088421702384949, 5.021688342094421, 4.988321661949158, 5.4054055362939835, 5.438772216439247, 5.038371682167053, 5.238571763038635, 6.37303963303566, 6.10610619187355, 6.3063062727451324, 6.272939592599869, 6.673339754343033, 6.756756454706192, 6.423089653253555, 6.589923053979874, 7.007007300853729, 6.906907260417938, 6.673339754343033, 6.906907260417938, 6.74007311463356, 7.857857644557953, 7.474140822887421, 7.090424001216888, 7.524190843105316, 7.624290883541107, 7.55755752325058, 8.041374385356903, 7.92459100484848, 8.258258551359177, 8.308308571577072, 8.124791085720062, 7.774440944194794, 8.141475170850754, 8.358358591794968, 8.525191992521286, 8.792125433683395, 8.675342053174973, 8.10810774564743, 8.55855867266655, 8.541875332593918, 9.175842255353928, 8.65865871310234, 8.358358591794968, 9.392726421356201, 8.675342053174973, 9.426093101501465, 8.625292032957077, 8.692025393247604, 9.00900885462761, 8.692025393247604, 8.942275494337082, 9.309308975934982, 9.409409761428833, 9.142475575208664, 8.975642174482346, 9.55955982208252, 9.225892275571823, 9.059058874845505, 9.19252559542656, 8.892225474119186, 9.209208935499191, 9.84317660331726, 9.859859943389893, 9.426093101501465, 9.576243162155151, 9.576243162155151, 9.426093101501465, 9.592926502227783, 9.309308975934982, 9.042375534772873, 9.125792235136032, 9.576243162155151, 9.225892275571823, 9.1091088950634, 9.492826461791992, 9.29262563586235, 9.459459781646729, 9.776443243026733, 9.19252559542656, 9.19252559542656, 9.693026542663574, 9.709709882736206, 9.242575615644455, 9.542876482009888, 9.976643323898315, 9.492826461791992, 9.84317660331726, 9.693026542663574, 9.592926502227783, 9.642976522445679, 9.542876482009888, 10.060060024261475, 10.210210084915161, 9.37604308128357, 10.276943445205688, 9.526193141937256, 9.642976522445679, 9.00900885462761, 9.826493263244629, 9.693026542663574, 9.793126583099365],