{"epochs": [1, 2, 3, 4, 5], "train_loss": [2.754615177710851, 2.758573512236277, 2.759472588698069, 2.756599227587382, 2.754966616630554], "val_loss": [5.299602363420569, 5.299505213032598, 5.299526152403458, 5.2995442929475205, 5.299474467401919], "train_acc": [0.41708373464643955, 0.5005004815757275, 0.3670336911454797, 0.5005004815757275, 0.4671338014304638], "val_acc": [0.34518467728048563, 0.41422159411013126, 0.37970314733684063, 0.34518467728048563, 0.41422159411013126]}