{"epochs": [1, 2, 3, 4, 5, 6, 7, 8, 9, 10, 11, 12, 13, 14, 15, 16, 17, 18, 19, 20, 21, 22, 23, 24, 25, 26, 27, 28, 29, 30], "train_loss": [2.7699475288391113, 2.7510276635487876, 2.7550655702749887, 2.7342817783355713, 2.699702392021815, 2.6717250843842826, 2.640613784392675, 2.605595906575521, 2.574475715557734, 2.5493257641792297, 2.517777383327484, 2.485097120205561, 2.461911062399546, 2.4152240256468454, 2.3920745650927224, 2.370807111263275, 2.328232934077581, 2.3099034229914346, 2.2899553775787354, 2.274239867925644, 2.2463091909885406, 2.224423070748647, 2.200385053952535, 2.169783333937327, 2.1617760360240936, 2.137360235055288, 2.1207608779271445, 2.0988908112049103, 2.086421628793081, 2.070954273144404], "val_loss": [5.297956508138905, 5.286847467007845, 5.2529831139937695, 5.179000481315281, 5.111208252284838, 5.010252081829568, 4.907062965890636, 4.824646949768066, 4.761611399443253, 4.695416802945345, 4.5845846818841025, 4.5470415094624395, 4.438913158748461, 4.355656851892886, 4.312057764633842, 4.316990821257882, 4.223500345064246, 4.122958680857783, 4.068286667699399, 4.030475948167884, 3.9582167501034946, 3.9321426930634873, 3.9003243446350098, 3.8674335376076074, 3.812069727026898, 3.756766412569129, 3.781108638514643, 3.692878588386204, 3.648678686307824, 3.5875155614769976], "train_acc": [0.4004003945738077, 0.7507507689297199, 0.8174841292202473, 1.5181848779320717, 2.585919201374054, 4.087420925498009, 6.456456333398819, 8.458458632230759, 10.543876886367798, 12.529195845127106, 15.415415167808533, 16.76676720380783, 18.968969583511353, 22.205539047718048, 23.456789553165436, 25.208541750907898, 27.377375960350037, 28.645312786102295, 30.31364679336548, 31.748414039611816, 33.35001766681671, 34.98498499393463, 37.654322385787964, 38.87220621109009, 39.53953981399536, 40.857523679733276, 41.54154062271118, 43.043044209480286, 45.32866179943085, 45.62896192073822], "val_acc": [0.48325853422284126, 0.5695546977221966, 1.1045909486711025, 3.2447360455989838, 5.902658030390739, 10.23472547531128, 15.032792091369629, 19.261305034160614, 22.17811495065689, 24.905073642730713, 28.356921672821045, 32.29202628135681, 35.0017249584198, 38.45357298851013, 40.81808626651764, 43.68312060832977, 46.42733931541443, 48.3776330947876, 51.34621858596802, 52.98584699630737, 55.125993490219116, 56.07525110244751, 58.18087458610535, 59.47532057762146, 61.322057247161865, 62.65102028846741, 63.94546031951904, 64.70486521720886, 65.65412282943726, 67.06938147544861]}