{"epochs": [1, 2, 3, 4, 5, 6, 7, 8, 9, 10, 11, 12, 13, 14, 15, 16, 17, 18, 19, 20, 21, 22, 23, 24, 25, 26, 27, 28, 29, 30, 31, 32, 33, 34, 35, 36, 37, 38, 39, 40, 41, 42, 43, 44, 45, 46, 47, 48, 49, 50, 51, 52, 53, 54, 55, 56, 57, 58, 59, 60, 61, 62, 63, 64, 65, 66, 67, 68, 69, 70, 71, 72, 73, 74, 75, 76, 77, 78, 79, 80, 81, 82, 83, 84, 85, 86, 87, 88, 89, 90, 91, 92, 93, 94, 95, 96, 97, 98, 99, 100, 101, 102, 103, 104, 105, 106, 107, 108, 109, 110, 111, 112, 113, 114, 115, 116, 117, 118, 119, 120, 121], "train_loss": [2.756542921066284, 2.75002713004748, 2.736277570327123, 2.7028695344924927, 2.6460071007410684, 2.578927675882975, 2.514989733695984, 2.445551594098409, 2.3659616311391196, 2.288505663474401, 2.229380488395691, 2.151235262552897, 2.0853676001230874, 2.0253739406665168, 1.9789978365103404, 1.912255734205246, 1.8678771158059437, 1.8152339508136113, 1.776447206735611, 1.734536995490392, 1.6885736932357152, 1.6515101442734401, 1.6294732093811035, 1.5948761403560638, 1.5543341388305028, 1.5303907692432404, 1.5071699519952138, 1.4783775905768077, 1.4592209110657375, 1.4474774847428005, 1.4155849764744441, 1.4063888440529506, 1.3901443878809612, 1.3630501131216686, 1.3444357564051945, 1.3318999608357747, 1.3159806728363037, 1.2942972431580226, 1.274662733078003, 1.2644618898630142, 1.2570785582065582, 1.2526694238185883, 1.2240328192710876, 1.2297958582639694, 1.2125640511512756, 1.209360087911288, 1.19549198448658, 1.1862926284472148, 1.1818933834632237, 1.1673989991346996, 1.1590177516142528, 1.1406360616286595, 1.1444949458042781, 1.1347903857628505, 1.1345797677834828, 1.1259494970242183, 1.1190067132314045, 1.109482541680336, 1.1094082047541935, 1.0985111097494762, 1.1034873475631077, 1.093227540453275, 1.085127169887225, 1.0880183478196461, 1.0740538438161213, 1.0746920257806778, 1.0654481103022893, 1.0799473722775776, 1.0780072212219238, 1.0657337705294292, 1.0550203000505765, 1.053150360782941, 1.0541671986381214, 1.044775518278281, 1.0427168409029643, 1.0413208653529484, 1.0425359830260277, 1.0391181806723278, 1.024694616595904, 1.025503267844518, 1.0251680637399356, 1.020984907944997, 1.0242598876357079, 1.020215481519699, 1.0146978721022606, 1.0186414867639542, 1.0135314936439197, 1.0138829077283542, 1.0092922324935596, 1.006412759423256, 1.014046276609103, 1.0133895898858707, 1.0107927297552426, 1.0135377397139866, 1.0022416313489277, 0.9944604933261871, 1.0092273106177647, 1.0019745429356892, 1.0127091233928998, 1.0028123731414478, 0.9892961159348488, 0.9934292584657669, 0.9972228134671847, 0.9969152361154556, 1.0026959603031476, 0.9945617839694023, 0.989544985195001, 0.9818678473432859, 0.9912842387954394, 0.9969922006130219, 0.9946026131510735, 0.9931765049695969, 1.0053380851944287, 0.9995653877655665, 0.9867043470342954, 0.9978621751070023, 0.9968301877379417, 0.9871945083141327, 0.9978861858447393, 1.0051604136824608, 0.9957091410954794], "val_loss": [5.290197496828825, 5.270571833071501, 5.198922945105511, 5.061612502388332, 4.880253273507823, 4.741144988847815, 4.580679810565451, 4.439105199730915, 4.305066430050394, 4.183427624080492, 4.016507687775985, 3.9874464117962383, 3.8210205306177554, 3.753073775249979, 3.606931510178939, 3.4849520351575767, 3.4051258253014605, 3.290851292402848, 3.234609313633131, 3.1245912157970928, 3.132919809092646, 2.9569124035213306, 3.0040744387585185, 2.8491293865701426, 2.8076861526655112, 2.7904983914416768, 2.6684011480082637, 2.692950435306715, 2.6245757704195767, 2.6430109583813213, 2.559299966563349, 2.560246975525566, 2.488041779269343, 2.4891159534454346, 2.4410157100014063, 2.4428809933040454, 2.3658049158428027, 2.335359516351119, 2.394286570341691, 2.3372939462247104, 2.290820951047151, 2.33226536149564, 2.297456419986227, 2.251078911449598, 2.200087790903838, 2.211545254873193, 2.191901367643605, 2.1960655088010044, 2.117272024569304, 2.2158953469732534, 2.1470759381418643, 2.1486112967781397, 2.1535587103470513, 2.0944669505824214, 2.126894474029541, 2.1165410694868667, 2.129547927690589, 2.1106059654899267, 2.0776091347570005, 2.126920814099519, 2.0894817632177602, 2.0787380156309707, 2.0814381993335225, 2.03430554141169, 2.042796466661536, 2.0499673097029976, 2.0443552628807398, 2.0266215386598008, 2.0453910102014956, 2.0386692700178726, 2.0291940803113193, 2.0149995814199033, 2.0293231995209404, 1.991952709529711, 2.0213510368181313, 2.0339040134264077, 2.018354172291963, 2.0216471215953, 2.012708280397498, 1.9933678533719934, 1.9858082066411558, 2.012916326522827, 1.994549704634625, 1.9608775066292805, 1.991743777109229, 1.9733737240666929, 1.9963270840437517, 1.9731146252673606, 1.9746434273927107, 1.9770524501800537, 1.9652642944584722, 1.9702443454576575, 1.957118853278782, 1.9639364688292793, 1.9710163862808892, 1.9895745619483616, 1.9649180795835413, 1.9751200105832971, 1.9793416676313982, 1.9627300189888996, 1.9593020573906277, 1.9565480066382366, 1.9648923355600107, 1.948759700941003, 1.9629583047783894, 1.9548711776733398, 1.9535067755243052, 1.9653470412544582, 1.9561994697736658, 1.9520188051721323, 1.9593802172204722, 1.9668363332748413, 1.951984218929125, 1.9481867551803589, 1.9527740219364995, 1.9668023223462312, 1.937615814416305, 1.9602319209471992, 1.9608598584714143, 1.9469024772229402, 1.9551075230474058], "train_acc": [0.5338672082871199, 1.051051076501608, 1.5682348981499672, 3.2365698367357254, 6.37303963303566, 9.826493263244629, 13.313312828540802, 16.883550584316254, 20.904237031936646, 23.556889593601227, 27.360692620277405, 29.929929971694946, 32.932934165000916, 36.21955215930939, 36.8034690618515, 40.473806858062744, 42.025357484817505, 45.128461718559265, 46.46312892436981, 48.415082693099976, 50.70070028305054, 52.71938443183899, 54.037368297576904, 55.92259168624878, 57.75775909423828, 58.27494263648987, 60.41041016578674, 61.611610651016235, 62.595927715301514, 64.24757838249207, 64.6312952041626, 65.24858474731445, 66.06606841087341, 67.30063557624817, 67.83450245857239, 69.28595304489136, 70.17017006874084, 70.7207202911377, 72.23890423774719, 72.42242097854614, 72.07207083702087, 72.30563759803772, 73.74040484428406, 73.7070381641388, 74.54120516777039, 74.52452182769775, 74.97497200965881, 75.15849471092224, 75.59226155281067, 76.77677869796753, 76.72672867774963, 77.22722887992859, 77.09376215934753, 77.19386219978333, 77.57757902145386, 78.62862944602966, 78.16149592399597, 78.72872948646545, 79.04571294784546, 79.14581298828125, 79.19586300849915, 79.3793797492981, 79.94661331176758, 79.47947978973389, 80.18018007278442, 79.97997999191284, 80.61394691467285, 80.26359677314758, 80.21354675292969, 80.89756369590759, 81.71504735946655, 80.81414699554443, 81.24791383743286, 81.81514739990234, 81.69836401939392, 81.76509737968445, 81.84851408004761, 82.28228092193604, 83.0497145652771, 83.01634788513184, 82.79946446418762, 82.74941444396973, 82.98298120498657, 83.24991464614868, 82.91624784469604, 82.9996645450592, 83.16649794578552, 83.58358144760132, 83.4667980670929, 83.81714820861816, 83.24991464614868, 83.23323130607605, 83.16649794578552, 83.38338136672974, 83.3666980266571, 84.08408164978027, 83.50016474723816, 83.76709818840027, 83.81714820861816, 83.65031480789185, 84.31764841079712, 84.2008650302887, 84.31764841079712, 83.65031480789185, 83.58358144760132, 83.86719822883606, 84.90156531333923, 85.76910495758057, 84.5678985118866, 83.7837815284729, 84.1508150100708, 84.26759839057922, 83.51684808731079, 83.55021476745605, 84.45111513137817, 83.7837815284729, 83.63363146781921, 84.60126519203186, 84.36769843101501, 83.45011472702026, 83.7837815284729],