{"epochs": [1, 2, 3, 4, 5, 6, 7, 8, 9, 10, 11, 12, 13, 14, 15, 16, 17, 18, 19, 20, 21], "train_loss": [2.756542921066284, 2.75002713004748, 2.736277570327123, 2.7028695344924927, 2.6460071007410684, 2.578927675882975, 2.514989733695984, 2.445551594098409, 2.3659616311391196, 2.288505663474401, 2.229380488395691, 2.151235262552897, 2.0853676001230874, 2.0253739406665168, 1.9789978365103404, 1.912255734205246, 1.8678771158059437, 1.8152339508136113, 1.776447206735611, 1.734536995490392, 1.6885736932357152], "val_loss": [5.290197496828825, 5.270571833071501, 5.198922945105511, 5.061612502388332, 4.880253273507823, 4.741144988847815, 4.580679810565451, 4.439105199730915, 4.305066430050394, 4.183427624080492, 4.016507687775985, 3.9874464117962383, 3.8210205306177554, 3.753073775249979, 3.606931510178939, 3.4849520351575767, 3.4051258253014605, 3.290851292402848, 3.234609313633131, 3.1245912157970928, 3.132919809092646], "train_acc": [0.5338672082871199, 1.051051076501608, 1.5682348981499672, 3.2365698367357254, 6.37303963303566, 9.826493263244629, 13.313312828540802, 16.883550584316254, 20.904237031936646, 23.556889593601227, 27.360692620277405, 29.929929971694946, 32.932934165000916, 36.21955215930939, 36.8034690618515, 40.473806858062744, 42.025357484817505, 45.128461718559265, 46.46312892436981, 48.415082693099976, 50.70070028305054], "val_acc": [0.8629617281258106, 2.0538488402962685, 4.004142060875893, 8.180876821279526, 12.029685825109482, 17.915084958076477, 23.69692772626877, 27.14877426624298, 31.032103300094604, 35.60580015182495, 39.26475644111633, 43.096306920051575, 45.70245146751404, 49.01622235774994, 50.77666640281677, 53.91784310340881, 57.041770219802856, 59.837764501571655, 61.235761642456055, 62.2022807598114, 64.68760967254639]}