{"epochs": [1, 2, 3, 4, 5, 6, 7], "train_loss": [4.676300843556722, 4.676469663778941, 4.675156652927399, 4.679108281930287, 4.665916224320729, 4.677367051442464, 4.679224769274394], "val_loss": [5.299602487812871, 5.299504881319792, 5.299526359723962, 5.2995431941488516, 5.299473534459653, 5.2994691392649775, 5.29947859307994], "train_acc": [0.41708373464643955, 0.5005004815757275, 0.3670336911454797, 0.5005004815757275, 0.4671338014304638, 0.5338672082871199, 0.5505505483597517], "val_acc": [0.34518467728048563, 0.37970314733684063, 0.37970314733684063, 0.34518467728048563, 0.41422159411013126, 0.46599931083619595, 0.4314808640629053]}