{"epochs": [1, 2, 3, 4, 5, 6, 7, 8, 9, 10, 11, 12, 13, 14, 15, 16, 17, 18, 19, 20, 21, 22, 23, 24, 25, 26, 27, 28, 29, 30, 31, 32, 33, 34, 35, 36, 37, 38, 39, 40, 41, 42, 43, 44, 45, 46, 47, 48, 49, 50, 51], "train_loss": [2.756542921066284, 2.75002713004748, 2.736277570327123, 2.7028695344924927, 2.6460071007410684, 2.578927675882975, 2.514989733695984, 2.445551594098409, 2.3659616311391196, 2.288505663474401, 2.229380488395691, 2.151235262552897, 2.0853676001230874, 2.0253739406665168, 1.9789978365103404, 1.912255734205246, 1.8678771158059437, 1.8152339508136113, 1.776447206735611, 1.734536995490392, 1.6885736932357152, 1.6515101442734401, 1.6294732093811035, 1.5948761403560638, 1.5543341388305028, 1.5303907692432404, 1.5071699519952138, 1.4783775905768077, 1.4592209110657375, 1.4474774847428005, 1.4155849764744441, 1.4063888440529506, 1.3901443878809612, 1.3630501131216686, 1.3444357564051945, 1.3318999608357747, 1.3159806728363037, 1.2942972431580226, 1.274662733078003, 1.2644618898630142, 1.2570785582065582, 1.2526694238185883, 1.2240328192710876, 1.2297958582639694, 1.2125640511512756, 1.209360087911288, 1.19549198448658, 1.1862926284472148, 1.1818933834632237, 1.1673989991346996, 1.1590177516142528], "val_loss": [5.290197496828825, 5.270571833071501, 5.198922945105511, 5.061612502388332, 4.880253273507823, 4.741144988847815, 4.580679810565451, 4.439105199730915, 4.305066430050394, 4.183427624080492, 4.016507687775985, 3.9874464117962383, 3.8210205306177554, 3.753073775249979, 3.606931510178939, 3.4849520351575767, 3.4051258253014605, 3.290851292402848, 3.234609313633131, 3.1245912157970928, 3.132919809092646, 2.9569124035213306, 3.0040744387585185, 2.8491293865701426, 2.8076861526655112, 2.7904983914416768, 2.6684011480082637, 2.692950435306715, 2.6245757704195767, 2.6430109583813213, 2.559299966563349, 2.560246975525566, 2.488041779269343, 2.4891159534454346, 2.4410157100014063, 2.4428809933040454, 2.3658049158428027, 2.335359516351119, 2.394286570341691, 2.3372939462247104, 2.290820951047151, 2.33226536149564, 2.297456419986227, 2.251078911449598, 2.200087790903838, 2.211545254873193, 2.191901367643605, 2.1960655088010044, 2.117272024569304, 2.2158953469732534, 2.1470759381418643], "train_acc": [0.5338672082871199, 1.051051076501608, 1.5682348981499672, 3.2365698367357254, 6.37303963303566, 9.826493263244629, 13.313312828540802, 16.883550584316254, 20.904237031936646, 23.556889593601227, 27.360692620277405, 29.929929971694946, 32.932934165000916, 36.21955215930939, 36.8034690618515, 40.473806858062744, 42.025357484817505, 45.128461718559265, 46.46312892436981, 48.415082693099976, 50.70070028305054, 52.71938443183899, 54.037368297576904, 55.92259168624878, 57.75775909423828, 58.27494263648987, 60.41041016578674, 61.611610651016235, 62.595927715301514, 64.24757838249207, 64.6312952041626, 65.24858474731445, 66.06606841087341, 67.30063557624817, 67.83450245857239, 69.28595304489136, 70.17017006874084, 70.7207202911377, 72.23890423774719, 72.42242097854614, 72.07207083702087, 72.30563759803772, 73.74040484428406, 73.7070381641388, 74.54120516777039, 74.52452182769775, 74.97497200965881, 75.15849471092224, 75.59226155281067, 76.77677869796753, 76.72672867774963], "val_acc": [0.8629617281258106, 2.0538488402962685, 4.004142060875893, 8.180876821279526, 12.029685825109482, 17.915084958076477, 23.69692772626877, 27.14877426624298, 31.032103300094604, 35.60580015182495, 39.26475644111633, 43.096306920051575, 45.70245146751404, 49.01622235774994, 50.77666640281677, 53.91784310340881, 57.041770219802856, 59.837764501571655, 61.235761642456055, 62.2022807598114, 64.68760967254639, 65.82671999931335, 67.24197268486023, 66.96582436561584, 68.6054527759552, 70.57300806045532, 70.78011631965637, 72.31618762016296, 71.38419151306152, 72.36796617507935, 73.45529794692993, 74.2319643497467, 75.57818293571472, 75.07766485214233, 76.25129222869873, 76.4411449432373, 77.14877724647522, 76.61373615264893, 77.56299376487732, 77.82188653945923, 77.58025527000427, 78.7883996963501, 78.66758704185486, 78.37417721748352, 78.77114415168762, 78.71936559677124, 79.4615089893341, 79.30617928504944, 79.32344079017639, 79.84121441841125, 80.06558418273926]}