{"epochs": [1, 2, 3, 4, 5, 6, 7, 8, 9, 10, 11, 12, 13, 14, 15, 16, 17, 18, 19, 20, 21, 22, 23, 24, 25, 26, 27, 28, 29, 30, 31, 32, 33, 34, 35, 36, 37, 38, 39, 40, 41, 42, 43, 44, 45, 46, 47, 48, 49, 50, 51, 52, 53, 54, 55, 56, 57, 58, 59, 60, 61, 62, 63, 64, 65, 66, 67, 68, 69, 70, 71, 72, 73, 74, 75, 76, 77, 78, 79, 80, 81, 82, 83, 84, 85, 86, 87, 88, 89, 90, 91, 92, 93, 94, 95, 96, 97, 98, 99, 100, 101, 102, 103, 104, 105, 106, 107, 108, 109, 110, 111, 112, 113, 114, 115, 116, 117, 118, 119, 120, 121, 122, 123, 124, 125, 126, 127, 128, 129, 130, 131, 132, 133, 134, 135, 136, 137], "train_loss": [2.7699475288391113, 2.7510276635487876, 2.7550655702749887, 2.7342817783355713, 2.699702392021815, 2.6717250843842826, 2.640613784392675, 2.605595906575521, 2.574475715557734, 2.5493257641792297, 2.517777383327484, 2.485097120205561, 2.461911062399546, 2.4152240256468454, 2.3920745650927224, 2.370807111263275, 2.328232934077581, 2.3099034229914346, 2.2899553775787354, 2.274239867925644, 2.2463091909885406, 2.224423070748647, 2.200385053952535, 2.169783333937327, 2.1617760360240936, 2.137360235055288, 2.1207608779271445, 2.0988908112049103, 2.086421628793081, 2.070954273144404, 2.0502687295277915, 2.0505660573641458, 2.0240143140157065, 2.0123277058204017, 2.0127868155638375, 1.9930764983097713, 1.9750978002945583, 1.9732415874799092, 1.955400173862775, 1.95750958720843, 1.9403207351764042, 1.9361679752667744, 1.9126478185256321, 1.9056598047415416, 1.9006602714459102, 1.893303245306015, 1.8835269411404927, 1.8650441269079845, 1.8653802822033565, 1.8604721873998642, 1.846648593743642, 1.8543852965037029, 1.8414935270945232, 1.841544732451439, 1.83293620745341, 1.839517856637637, 1.8333449959754944, 1.82473690311114, 1.8198464214801788, 1.805457944671313, 1.8066708942254384, 1.8184204697608948, 1.7957840263843536, 1.7992694079875946, 1.7931348631779354, 1.7913860728343327, 1.784418726960818, 1.7734427005052567, 1.7774799168109894, 1.7752379675706227, 1.7629249840974808, 1.7686934173107147, 1.763521005709966, 1.7717411518096924, 1.7670246164004009, 1.754935398697853, 1.7481921513875325, 1.75279634197553, 1.7468628883361816, 1.750575105349223, 1.7376663386821747, 1.748500759402911, 1.7430065621932347, 1.7446815222501755, 1.7469196766614914, 1.7345380336046219, 1.7417795260747273, 1.7301111121972401, 1.7294194102287292, 1.727170467376709, 1.728760192791621, 1.7291105389595032, 1.729772001504898, 1.726112385590871, 1.732978641986847, 1.727823590238889, 1.734896386663119, 1.7252367238203685, 1.7264454613129299, 1.7293901791175206, 1.7240680307149887, 1.723657841483752, 1.718925987680753, 1.7249209533135097, 1.7121204882860184, 1.7146910230318706, 1.7139026373624802, 1.7213760564724605, 1.7235646396875381, 1.71966752409935, 1.7218369046847026, 1.7214278678099315, 1.725485364596049, 1.722628985842069, 1.7291898479064305, 1.714653159181277, 1.723130116860072, 1.7219768861929576, 1.7191918045282364, 1.7146077652772267, 1.721971909205119, 1.728105679154396, 1.7133666028579075, 1.712760294477145, 1.7214536170164745, 1.7122239470481873, 1.7272693365812302, 1.731546401977539, 1.7176286081473033, 1.7097576757272084, 1.7152610023816426, 1.7254183292388916, 1.7116652677456539, 1.7154932866493862, 1.7231368124485016, 1.7147220621506374, 1.7198886821667354], "val_loss": [5.297956508138905, 5.286847467007845, 5.2529831139937695, 5.179000481315281, 5.111208252284838, 5.010252081829568, 4.907062965890636, 4.824646949768066, 4.761611399443253, 4.695416802945345, 4.5845846818841025, 4.5470415094624395, 4.438913158748461, 4.355656851892886, 4.312057764633842, 4.316990821257882, 4.223500345064246, 4.122958680857783, 4.068286667699399, 4.030475948167884, 3.9582167501034946, 3.9321426930634873, 3.9003243446350098, 3.8674335376076074, 3.812069727026898, 3.756766412569129, 3.781108638514643, 3.692878588386204, 3.648678686307824, 3.5875155614769976, 3.6046786515609077, 3.592880228291387, 3.4768066820891006, 3.523016701573911, 3.510709990625796, 3.4767181562340777, 3.444226544836293, 3.4235272303871485, 3.4261197214541226, 3.360164860020513, 3.339149298875228, 3.305140920307325, 3.3095952946206797, 3.331268175788548, 3.2826033675152324, 3.2415723696998926, 3.212577311888985, 3.2308411598205566, 3.22418356978375, 3.2177608635114585, 3.174479515656181, 3.1779196677000625, 3.1841944404270337, 3.119223014168117, 3.163103435350501, 3.135728701301243, 3.099018967669943, 3.0966599505880605, 3.085007791933806, 3.0989772029544995, 3.0696017845817236, 3.0672123432159424, 3.0680366806361987, 3.0422705878382144, 3.0510174606157388, 3.036564661108929, 3.054664642914482, 3.0358413406040357, 3.014271342236063, 3.015599541042162, 3.025369467942611, 2.9879696887472402, 3.029690980911255, 2.972469018853229, 2.99756293711455, 2.9717969168787417, 2.993993385978367, 3.0250197389851445, 2.9945840524590532, 2.976136249044667, 2.9920022902281387, 2.982078490049943, 2.974879213001417, 2.9727869655774986, 2.9589227178822393, 2.9710508844126826, 2.97178139893905, 2.9646506205849024, 2.9673657520957617, 2.959196318750796, 2.9444686226222827, 2.962727339371391, 2.9464032028032388, 2.94908418862716, 2.9464145328687583, 2.9260933295540186, 2.9384411832560664, 2.9357693506323774, 2.9354933759440547, 2.93403320727141, 2.9429944079855215, 2.9400014669998833, 2.9445295541182808, 2.9352840962617295, 2.932340269503386, 2.951456930326379, 2.9357197699339492, 2.9425790309906006, 2.922030241593071, 2.921988010406494, 2.922908637834632, 2.933168027711951, 2.924216591793558, 2.9378276389578115, 2.9307419113490893, 2.928109303764675, 2.933014268460481, 2.9322249993034033, 2.9332350855288296, 2.926962375640869, 2.9388227462768555, 2.9295891886172085, 2.933495469715284, 2.9336383550063423, 2.9130632255388345, 2.9262322446574336, 2.929289268410724, 2.9336050696994946, 2.934728187063466, 2.9356031003205674, 2.9321999238884966, 2.932578760644664, 2.931495324425075, 2.916986900827159, 2.9422480541726816, 2.932274849518486, 2.9238425026769224],