{"epochs": [1, 2, 3, 4, 5, 6, 7, 8, 9, 10, 11, 12, 13, 14, 15, 16, 17, 18, 19, 20, 21, 22, 23, 24, 25, 26, 27, 28, 29, 30, 31, 32, 33, 34, 35, 36], "train_loss": [2.76861310005188, 2.772717773914337, 2.754443327585856, 2.737608810265859, 2.717674414316813, 2.7055629392464957, 2.689152638117472, 2.66507081190745, 2.6544638872146606, 2.6391746004422507, 2.623270054658254, 2.602482090393702, 2.588305036226908, 2.5780139565467834, 2.5638728638490043, 2.5367433031400046, 2.540497233470281, 2.520614663759867, 2.501948297023773, 2.487809032201767, 2.486309597889582, 2.4765910506248474, 2.47196896870931, 2.4495141903559365, 2.445814381043116, 2.43546595176061, 2.437497854232788, 2.4180844922860465, 2.4120759864648185, 2.402327020963033, 2.396221697330475, 2.3876497050126395, 2.3745160897572837, 2.371843566497167, 2.374003758033117, 2.3529194792111716], "val_loss": [5.301526650138523, 5.289965297864831, 5.253533964571745, 5.21519893148671, 5.159506486809772, 5.114229098610256, 5.054357632346775, 5.015689683997112, 4.966365275175675, 4.925055047740107, 4.871559702831766, 4.8412041664123535, 4.819122418113377, 4.800547122955322, 4.769361578899881, 4.72425595573757, 4.644039133320684, 4.650269549825917, 4.579090615977412, 4.609472710153331, 4.5602187903031055, 4.532158623570981, 4.480910715849503, 4.453324214271877, 4.453230920045272, 4.4238931303438935, 4.421932489975639, 4.381508568058843, 4.369882666546365, 4.374248587566873, 4.328736305236816, 4.291636954183164, 4.312089733455492, 4.2726297274879785, 4.2497306181036905, 4.233768193618111], "train_acc": [0.4004003945738077, 0.6172839552164078, 0.7841174490749836, 1.2679345905780792, 1.6349682584404945, 1.9185852259397507, 2.8361694887280464, 4.270937666296959, 4.5545544475317, 5.071738362312317, 5.972639471292496, 6.790123134851456, 7.640974223613739, 8.174841850996017, 8.858858793973923, 10.093426704406738, 10.410410165786743, 11.061061173677444, 12.345679104328156, 13.697029650211334, 13.580246269702911, 15.098431706428528, 15.799131989479065, 16.516517102718353, 16.85018390417099, 17.450784146785736, 17.95128434896469, 18.601934611797333, 19.019019603729248, 19.68635320663452, 19.969969987869263, 21.104437112808228, 21.921922266483307, 22.105439007282257, 22.155489027500153, 23.189856112003326], "val_acc": [0.5868139676749706, 0.9319986216723919, 1.3807387091219425, 1.639627292752266, 2.6924405246973038, 5.039696395397186, 6.851916015148163, 7.783914357423782, 9.13013443350792, 10.597169399261475, 12.737314403057098, 14.704866707324982, 15.533310174942017, 17.466343939304352, 19.692786037921906, 21.677596867084503, 23.645150661468506, 25.250259041786194, 27.200552821159363, 28.494995832443237, 29.323437809944153, 31.65343403816223, 32.53365457057953, 34.811875224113464, 35.26061475276947, 37.573352456092834, 38.69520127773285, 39.351052045822144, 40.9906804561615, 41.93993806838989, 43.32067668437958, 44.56334114074707, 44.71867382526398, 46.27200663089752, 46.530893445014954, 47.75629937648773]}